"","names"
"1","Sayles_Charlie"
"2","Cantwell_Robert_1945-"
"3","Green_Archie"
"4","Rinzler_Ralph"
"5","Hunt_Marjorie_1954-"
"6","Seeger_Anthony"
"7","Wills_Bob_1905-1975"
"8","Dolphy_Eric"
"9","Monroe_Bill_1911-1996"
"10","Kennedy_Norman_1934-"
"11","Houston_Cisco"
"12","Carter_Maybelle_1909-1978"
"13","McGee_Kirk_1899-1983"
"14","McGee_Sam_1894-1975"
"15","Smith_Arthur_1898-1971"
"16","Place_Jeffrey"
"17","Egan_Seamus_1970-"
"18","Jackson_John_1924-2002"
"19","Williams_Bill_1897-1973"
"20","Stanley_Ralph"
"21","Hart_Mickey"
"22","Kurin_Richard_1950-"
"23","LaRiche_Jeffrey"
"24","Seeger_Mike_1933-2009"
"25","Applebaum_Larry_Rinzler_Ralph"
"26","Forbes_Anthony and Will"
"27","Pitre_Austin"
"28","Wilgus_D. K."
"29","Leadbelly_1885-1949"
"30","Smith_Harry Everett_1923-1991"
"31","Ward_Wade"
"32","Carr_Kwetch"
"33","Cooke_Jack_1936-2009"
"34","Kuykendall_Pete_1938-2017"
"35","Rinzler_Kate_1937-2010"
"36","Hurt_Mississippi John_1894-1966"
"37","Jones_Ramona"
"38","Cephas_John"
"39","Wiggins_Phil"
"40","Dickens_Hazel_1935-2011"
"41","Reagon_Toshi"
"42","Harris_Bill_1925-1988"
"43","Cotten_Elizabeth"
"44","Blatti_Jo"
"45","Nicholas_General Custer_1895-1979"
"46","Carter_Jimmy_1924-_Carter_Jimmy_1924-"
"47","Watson_Doc"
"48","Scruggs_Earl"
"49","Rinzler_Kate_1937-2010_Rinzler_Ralph"
"50","Nahwooksy_Clydia_1933-2009"
"51","Nahwooksy_Fred"
"52","Terry_Sonny"
"53","Acuff_Charlie_1919-2013"
"54","Hartford_John"
"55","Howard_Mark"
"56","Martin_Jimmy"
"57","Professor Longhair_1918-1980"
"58","Hutton_Bruce"
"59","Cale_J.J."
"60","McCoury_Del_1939-"
"61","Barnes_Lucy"
"62","Mitchell_Fleeta"
"63","Mitchell_Nathaniel"
"64","Barnes_Brady_d. 1985"
"65","Apollon_Dave"
"66","Asch_John"
"67","Vowell_G. D."
"68","Frost_George"
"69","Mainer_Wade_1907-2011"
"70","Lockwood_Robert Jr._1915-2006"
"71","Proffitt_Frank"
"72","McCutcheon_Jack_1923-2001"
"73","McCormick_Mack"
"74","House_Son"
"75","Bellard_Lindsay"
"76","Falcon_Joe_1900-1965"
"77","Banks_Ernest"
"78","Beck_Horace Palmer_1920-"
"79","Britton_Maynard"
"80","Pendleton_Silas"
"81","Wikham_Lew"
"82","Stuart_Joe"
"83","Baker_Kenny_1926-2011"
"84","Keith_Bill_1939-2015"
"85","Rooney_Jim_1938-"
"86","Greene_Richard_violinist"
"87","Rowan_Peter_1942-"
"88","Carlton_Gaither_1901-1972"
"89","Watson_Rosa Lee"
"90","Ashley_Clarence_1895-1967"
"91","Price_Fred_1915-1987"
"92","Sheehan_Juanita"
"93","Rosenbaum_Art"
"94","Sheehan_Shorty"
"95","Ledford_Lily May_1917-1985"
"96","Morrison_Dan_1910-"
"97","MacLeod_Dan Kenny"
"98","Kerr_Alec"
"99","McLeod_Malcolm Angus"
"100","MacInnes_John Malcolm"
"101","MacDonald_Tom Angus"
"102","MacInnes_Christine MacDonald"
"103","Innes_John Malcolm"
"104","Currie_Peter"
"105","Gillis_Lorraine"
"106","Kennedy_Ronald"
"107","Kennedy_Ronald_Mrs."
"108","Morrison_Sandy Kenny"
"109","Angus_Tommy"
"110","Shaw_John"
"111","Samway_Josie"
"112","McGaishell_Murdoch"
"113","MacGaishell_Murdoch"
"114","MacAstrill_Murdoch"
"115","MacDonald_Dan"
"116","MacDonald_Ross"
"117","MacDowell_Lord"
"118","Carmichael_Buddy"
"119","Maddox_Rose"
"120","Monroe_James"
"121","Landreneau_Adam"
"122","Marcel-Dubois_Claudie"
"123","Baez_Joan"
"124","Jamieson_Robert Stuart_1922-2008"
"125","Stoneman_Ernest V."
"126","Havens_Richie"
"127","Hamilton_Diane_1925-1991"
"128","MacDonald_A. D."
"129","Boyd_Sandy"
"130","MacHeils_Stephen Rory"
"131","MacNeil_John Dan_Mrs."
"132","Glassie_Henry H."
"133","Rodríguez_Arsenio."
"134","Moré_Beny_1919-1963"
"135","Earle_Eugene"
"136","Vaughan_Sarah_1924-1990"
"137","Hines_Earl_1903-1983"
"138","Gillespie_Dizzy_1917-1993"
"139","Holcomb_Roscoe"
"140","Chairetakis_Anna L."
"141","Macon_Uncle Dave_1870-1952"
"142","Jones_Grandpa_1913-1998"
"143","Barthélemy_Alma"
"144","Emanuel_Leonard_1904-1982"
"145","Ritchie_Jean"
"146","White_Josh"
"147","Seeger_Pete_1919-2014"
"148","Shepherd_Dewey_1906-1996"
"149","Levy_Herbert"
"150","Rector_Red"
"151","Romaine_Anne"
"152","Jones_Bessie_1902-1984"
"153","Meaders_Cheever"
"154","Miller_William"
"155","Hewell_Harold"
"156","Cain_Paul"
"157","Martin_Edsel"
"158","Miles_Henry"
"159","Thomas_Keith"
"160","Strozier_Henry"
"161","Edmondson_Dian"
"162","Sewall_Jay"
"163","Soileau_Leo_1904-1980"
"164","Smith_Hobart_1897-1965"
"165","Riddle_Almeda"
"166","Ramsey_Emma"
"167","Davis_Jerome"
"168","Davis_John"
"169","Matthews_Carabel"
"170","Morrison_Henry"
"171","Burke_Bessie"
"172","Felton_Ron"
"173","Howard_Clint_1930-2011"
"174","Moore_Tommy"
"175","Johnson_Jack"
"176","Gilbert_Stella"
"177","Moore_Eva Ashley"
"178","Bird_Annie"
"179","Burchett_Jack"
"180","Watson_Arnold"
"181","Greer_Sophronie Miller"
"182","Rinzler_Richard"
"183","Watson_Annie"
"184","Watson_Merle"
"185","Greer_Dolly"
"186","Greer_Dwight"
"187","Greer_Tina"
"188","Yance_Stewart"
"189","Carlton_John"
"190","Collier_Jimmy"
"191","Reagon_Bernice Johnson_1942-2024"
"192","Walton_Ed"
"193","Molton_Norman"
"194","Sinclair_Robert"
"195","Thornton_James"
"196","Naquin_Edius_1901-1985"
"197","Fontenot_Isom J."
"198","DeVille_Aubrey"
"199","Manuel_Preston_1915-"
"200","Wiseman_Mac"
"201","Lyle_Rudy"
"202","Moody_Clyde_1917-1989"
"203","Smiley_Red_1925-1972"
"204","Martin_Benny"
"205","Grier_Lamar"
"206","Lester_Bobby"
"207","Robison_Gene"
"208","Lyle_Andy"
"209","Reno_Don"
"210","Richardson_Larry_banjo player"
"211","Edwards_Billy"
"212","Burris_Gene"
"213","Reno_Ronnie"
"214","Osborne_Sonny"
"215","MacColl_Ewan"
"216","Seeger_Peggy_1935-"
"217","Fusilier_Roy"
"218","Fontenot_Canray"
"219","Bois-sec"
"220","Balfa_Dewey"
"221","Fontenot_Bee_b. 1906"
"222","Meaders_Arie"
"223","Dorsey_Guy"
"224","Meaders_Lanier"
"225","Brown_Louis"
"226","Brown_Charles"
"227","Brown_Evan Javan"
"228","Carawan_Guy"
"229","Hamilton_Frank_1934-"
"230","Dees_David"
"231","Campbell_Sid"
"232","Rice_Bernie"
"233","Beverly_Bonnie"
"234","Burroughs_Gene"
"235","Grisman_David"
"236","Williams_Sam"
"237","Schiffler_George"
"238","Emerson_Bill"
"239","Martin_Timothy"
"240","Atkins_Bobby"
"241","Lineberger_Don_1929-2010"
"242","Tobert_Bill"
"243","Barker_Red"
"244","Stanley_Carter"
"245","Lowinger_Gene"
"246","Lusk_John_fiddler"
"247","Avant_Jimmie"
"248","Boyd_Annie Jewel"
"249","Franklin_E.F."
"250","Beverett_Vernon"
"251","Lawrence_J.C."
"252","Ransom_Vallie"
"253","Humphrey_J.J._Mrs."
"254","Williams_Dewey_1898-1995"
"255","Jackson_Japhus"
"256","Lawrence_T.Y."
"257","Harmon_Robert_1920-1999"
"258","Coffee_James"
"259","Isley_Ron"
"260","Goodwin_John"
"261","Caeser_Durel"
"262","Peshotels_Francis"
"263","Lair_John"
"264","Jenkins_Oscar"
"265","Jarrell_Tommy_1901-1985"
"266","Cockerham_Fred_1905-1980"
"267","Phipps_Sherman"
"268","Saletan_Tony"
"269","Rosmini_Dick"
"270","Stovall_Babe_1907-1974"
"271","Reese_Dock"
"272","Phelps_Harvey L."
"273","Wilkins_Robert_1896-1987"
"274","Seeger_Penny_1943-1993"
"275","MacArthur_George"
"276","Walters_Mrs."
"277","Nicolle_Arthur"
"278","Walters_Annie"
"279","Bennett_Freeman"
"280","Kennedy_Alec_Mrs."
"281","Kennedy_Archie"
"282","Gillis_Angus R."
"283","MacLellan_John L."
"284","Margaree_S. W."
"285","MacDowell_Alistair"
"286","Morrison_Annie Margaret"
"287","MacNeil_Iona Clay"
"288","MacNeil_Don P."
"289","MacNeil_S. R._b. 1897"
"290","MacNeil_S. R._Mrs."
"291","MacLeod_Effie"
"292","Kennedy_Archie_Mrs."
"293","Davis_Fred_Mrs."
"294","Riendeau_Henry_1929-"
"295","Riendeau_Louis_1900-1985"
"296","Riendeau_Lourier"
"297","Martin_Fidel"
"298","McDonald_Norman"
"299","Chávez_Alex J._1922-"
"300","Perkins_Mr."
"301","David_Lloyd"
"302","Kirkpatrick_Frederick Douglass"
"303","Ross_Mark"
"304","Knight_Lucille"
"305","Ewitt_Don"
"306","Evans_Butch"
"307","Vesey_John_1925-1995"
"308","Gorman_Michael_1895-1970"
"309","Heaney_Joe_1919-1984"
"310","Cook County Singing Convention (Chicago_Ill.)"
"311","Hopkins_Bill"
"312","Herald_John"
"313","Ripley_S. Dillon (Sidney Dillon)_1913-2001"
"314","Ashley_John Henry"
"315","Patterson_Joe"
"316","Turner_Hunt"
"317","Parker_Knocky_1918-1986"
"318","Williams_Robert Pete_1914-1980"
"319","Pyle_Pete"
"320","Redman_Willie_b. 1906"
"321","Blesh_Rudi_1899-1985"
"322","Ashley_Bertha May"
"323","Goodson_Pete"
"324","Wise_Larry (Harmonica player)"
"325","Cohen_John_1932-2019"
"326","Horton_Myles_1905-1990"
"327","Valiant_Margaret"
"328","Greer_Taft_1903-1986"
"329","Khan_Salamat Ali"
"330","Watson_Varney"
"331","Hembree_Mark"
"332","Morris_Zeke_1916-1999"
"333","Morris_Wiley_1919-1990"
"334","Kazee_Buell_1900-1976"
"335","Lomax_Alan_1915-2002"
"336","Kelly_Larry and Nancy Cole"
"337","Hulan_Richard H."
"338","Evans_Harry M._1925-2004"
"339","Thomas_Jesse_1911-1995"
"340","Logan_Tex"
"341","Harvey_Tom"
"342","Bolick_Glenn"
"343","Rogers_Gamble"
"344","Hausenfluck_Harold"
"345","Birchfield_Bill_1945-2015"
"346","Birchfield_Creed_1905-1998"
"347","Birchfield_Joe_1912-2001"
"348","Hamilton_Ward"
"349","MacDonald_Napthali Jacob"
"350","Landreneau_Cyp"
"351","Smith_Betty"
"352","York_Charles"
"353","Clark_Eliot"
"354","Guillette_Wilfred"
"355","Stuart_Marty"
"356","Wheeler_Billy Edd"
"357","Moore_L.C."
"358","Solseng_Ed"
"359","Carr_Leroy_1905-1935"
"360","Hebert_Adam_1923-2010"
"361","Bruce_Vin"
"362","Walker_Lawrence_1908-1968"
"363","Roger_Aldus"
"364","Barzas_Maurice"
"365","Abshire_Nathan_1913-1981"
"366","Marcotte_Marion"
"367","Bergeron_Shirley Jean"
"368","Richard_Belton"
"369","Harpo_Slim_1924-1970"
"370","Brown_Buster"
"371","Chenier_Clifton_1925-1987"
"372","Gray_Henry_1925-2020"
"373","Chavis_Boozoo_1930-2001"
"374","Rockin' Dopsie_1932-1993"
"375","Monroe_Charlie"
"376","Presley_Elvis_1935-1977"
"377","Emmy_Cousin_1903-1980"
"378","Stringbean_1915-1973"
"379","Driftwood_Jimmie"
"380","Jones_George_1931-2013"
"381","Taylor_James_1948-"
"382","Smith_Connie_1941-"
"383","Story_Carl"
"384","O'Day_Molly_1923-1987"
"385","Rodgers_Jimmy_Mrs."
"386","Clifton_Bill"
"387","Newman_Jimmy C."
"388","Allen_Red"
"389","Wakefield_Frank"
"390","Grupo Pescadores"
"391","Tunas de Zaza"
"392","Thompson_Uncle Jimmy"
"393","Turner_Ike"
"394","Dylan_Bob_1941-"
"395","McCaslin_Mary"
"396","Clark_Guy"
"397","Weissberg_Eric_1939-2020"
"398","Rinzler_Ralph (liner notes)"
"399","Lloyd_A. L. (Albert Lancaster)_1908-1982"
"400","Vernon_Bill (liner notes)"
"401","Gimble_Johnny"
"402","Kahn_Hank"
"403","Perkins_Al_guitarist"
"404","Bush_Sam_1952-"
"405","Stover_Don_1928-1996"
"406","Jackson_Tommy"
"407","Chase_Richard_1904-1988"
"408","Clayton_Paul_1931-1967"
"409","Ritchie_Jean (liner notes)"
"410","Darlington_Sandy"
"411","Yurchenco_Henrietta (liner notes)"
"412","Roberts_John Storm (liner notes)"
"413","Siegel_Peter K."
"414","Stecher_Jody (liner notes)"
"415","Rhoads_Mary"
"416","Garcia_Saludado_and Saludado (Musical group)"
"417","Cheek_Florence"
"418","Cross Roads Primitive Baptist Church (Baywood_Va.)"
"419","Strickland_James_Rev."
"420","Akers_Robert"
"421","Hooper_Cecil_Rev."
"422","Byrd_J.L."
"423","Scott_Bill"
"424","Largen_Marshall"
"425","Schuch_Anthony_1928-"
"426","Draugh_Ella"
"427","Marshall_Artie"
"428","Marshall_Jim"
"429","Higgins_Jess B."
"430","Higgins_Quincy"
"431","Meadows_Edgar Cassell"
"432","Bryan_Leonard"
"433","Bryan_Mamie"
"434","Caudle_Harrison"
"435","Bikel_Theodore"
"436","Brand_Oscar (liner notes)"
"437","Lanigan_Pat"
"438","Baca_Gil"
"439","Hasse_John Edward_1948-"
"440","Mason_Roger_guitarist"
"441","Strickland_Napoleon"
"442","Maxwell_Clyde"
"443","Williams_Big Joe_1903-1982"
"444","Nixon_Hammie_1908-1984"
"445","Nelson_Sonny Boy_1909-1998"
"446","Chatmon_Sam"
"447","Shines_Johnny"
"448","Myers_Sam_1936-2006"
"449","Sylvia_Queen"
"450","Fikes_Betty Mae"
"451","Dizz_Lefty"
"452","Arthur_Charlie"
"453","Lone Pine_Hal"
"454","Cody_Betty"
"455","Hill_Eddie"
"456","Hawkins_Hawkshaw_1921-1963"
"457","Snow_Hank"
"458","Davis_Gary_1896-1972"
"459","Lee_Bill_1928-"
"460","Hooker_John Lee"
"461","Lipscomb_Mance_1895-1976"
"462","Estes_Sleepy John_1899-1977"
"463","James_Skip_1902-1969"
"464","Doss_Willie"
"465","McDowell_Fred"
"466","Hopkins_Lightnin'_1912-1982"
"467","Nelson_Willie_1933-"
"468","Guthrie_Woody_1912-1967"
"469","Sexton_Lee"
"470","Daglish_Malcolm"
"471","Larsen_Grey"
"472","Fariña_Richard"
"473","Fariña_Mimi"
"474","Fitzpatrick_Maureen"
"475","Moloney_Mick_1944- (liner notes)"
"476","Coen_Jack_1925-2012"
"477","Flynn_Michael"
"478","McGlynn_Sean"
"479","Conway_Brian"
"480","Keane_James_1928-"
"481","Rafferty_Mike"
"482","Britton_Tim_1960-"
"483","Cahill_Eddie_1929-1985"
"484","Kelly_Gene_1912-1996"
"485","Sparks_Tom"
"486","DeMarco_Tony"
"487","Fitzpatrick_John"
"488","O'Donnell_Eugene_1932-2019"
"489","Coen_Charlie_1934-"
"490","McComiskey_Billy"
"491","Mulvihill_Brendan_1954-"
"492","Cronin_Paddy"
"493","Collins_Gus"
"494","Mulvihill_Martin_1923-1987"
"495","Preston_Mike"
"496","Namekulua_Alice K."
"497","Hare_Marie"
"498","MacPhee_Doug"
"499","Carignan_Jean"
"500","Bolduc_Edouard_Mme._1894-1941"
"501","Bruneau_Philippe_1934-2011"
"502","McBride_Owen_1941-"
"503","Brandon_Tom_1927-"
"504","Brand_Oscar"
"505","Gooding_Cynthia"
"506","Cooper_Clarence"
"507","Elliott_Jack_1931-"
"508","Adams_Derroll"
"509","Schwartz_Tony"
"510","Robeson_Paul_1898-1976"
"511","Asch_Moses"
"512","Morton_Craig_Taylor_Zachary_1784-1850"
"513","Benford_Mac"
"514","Thompson_Eric_1946-"
"515","Bradley_Sandy_1947-"
"516","Russell_Linda"
"517","Thibodeaux_Gladdy"
"518","LeJeune_Louis"
"519","Gunning_Sarah Ogan_1910-1983"
"520","Benfield_Kenneth"
"521","Benfield_Neriah"
"522","Parker_Chet_1891-1975"
"523","Hickok_Elgia"
"524","Thatcher_Bill"
"525","McMichen_Clayton_1900-1970"
"526","Ennis_Seamus"
"527","Ohrlin_Glenn_1926-2015"
"528","Parsons_Phoeba_1908-2001"
"529","Parsons_Roscoe_1943-"
"530","Destiné_Jean Léon"
"531","Washington_Jackie"
"532","West_Hedy"
"533","Gude. David_1940-"
"534","Jones_Willie"
"535","Hall_Vera_1906-1964"
"536","Pratcher_Bob"
"537","Pratcher_Miles"
"538","Lewis_Ed"
"539","Carter_James"
"540","Moore_Johnny Lee"
"541","Armstrong_Joe"
"542","Pugh_Joe B."
"543","Hayes_Roland_1887-1977"
"544","Shorty_James"
"545","Gardner_Denise"
"546","Gardner_Mattie"
"547","Seeger_Peggy_1935- (liner notes)"
"548","Berggren_Dan"
"549","Grayson_G.B."
"550","Woodie_Ephraim_b. 1907"
"551","Moore_Byrd"
"552","Carlisle_Cliff_1904-1983"
"553","Smith_Gid"
"554","McDaniel_Lewis"
"555","Cox_Bill_1897-1968"
"556","Hobbs_Cliff"
"557","Tarlton_Jimmie_1892-1979"
"558","Darby_Tom_1890-ca. 1971"
"559","Bolick_Bill"
"560","Bolick_Earl_Roosevelt_Franklin D. (Franklin Delano)_1882-1945"
"561","Phipps_Bonnie"
"562","Maguire_Charlie"
"563","Beauregard_Nathan_ca. 1890-1970"
"564","Clark_Sam"
"565","Bell_Earlan"
"566","Vinson_Mose_1917-2002"
"567","Peeples_Charlene"
"568","Lewis_Furry_1893-1981"
"569","Dobbins_Joe_1901-1970"
"570","Cannon_Gus_1883-1979"
"571","Corley_Dewey_1898-1974"
"572","Cowley_John"
"573","Stroller_Jessie"
"574","Ezell_Buster Buzz"
"575","Gibson_Gus"
"576","Ellis_Charles"
"577","Chestian_Sonny"
"578","Sanders_Alvin"
"579","Duffy_J.F."
"580","Sneed_James_Roosevelt_Franklin D. (Franklin Delano)_1882-1945"
"581","Mainer_J. E. (Joseph E.)_1898-1971"
"582","Arnold_Eddy_1918-2008"
"583","Burns_Jethro"
"584","Britt_Elton_1917-1972"
"585","Gibson_Don (Donald Eugene)_1928-2003"
"586","Reeves_Jim"
"587","King_Pee Wee_1914-2000"
"588","Stewart_Redd"
"589","Tanner_Gid"
"590","Wagoner_Porter"
"591","Montana Slim_1904-1996"
"592","Boyd_Bill_1910-1977"
"593","Memphis Minnie_1897-1973"
"594","Ellington_Duke_1899-1974"
"595","Russell_Luis"
"596","Bechet_Sidney_1897-1959"
"597","Hopkins_Albert"
"598","Cline_Charlie"
"599","Kline_Michael"
"600","Flatt_Lester"
"601","Cohn_Lawrence_1932- (liner notes)"
"602","Alexander_Stan"
"603","Ukelson_Lou"
"604","Lester_Julius"
"605","Stewart_Alek"
"606","Goldstein_Kenneth S._1927-1995"
"607","Eanes_Jim"
"608","Woolum_Dave"
"609","Marley_Bob"
"610","Yeats_W. B. (William Butler)_1865-1939"
"611","Skaggs_Ricky"
"612","Coleman_T. Michael"
"613","Poss_Barry"
"614","Armstrong_Louis_1901-1971"
"615","Roderick_Judy"
"616","English_Logan"
"617","Spence_Joseph_1910-1984"
"618","Jones_Uncle George"
"619","Korson_George Gershon_1899-1967"
"620","Barry_Michael F."
"621","Morrison_David"
"622","Downer_James T."
"623","Jenks_Orville J."
"624","Lawson_Richard"
"625","March_William"
"626","Glancy_Joe"
"627","Davis_George_1906-1992"
"628","Stanley_Jerrel"
"629","Sizemore_George Curly"
"630","Turner_Wesley J."
"631","Underwood_Charles"
"632","Johnson_Sam_1913-2001"
"633","Conway_Archie"
"634","Dorschug_Doug_1946-"
"635","Connell_Dudley"
"636","Stubbs_Eddie"
"637","Hogg_Smokey_1914-1960"
"638","Spottswood_Richard K. (Richard Keith)"
"639","Barbecue Bob_1902-1931"
"640","Dupree_Champion Jack_-1992"
"641","Johnson_Lonnie"
"642","Nelson_Red_1907-1970"
"643","Williams_Bert_1874-1922"
"644","Burleson_Hattie"
"645","Jordan_Charley_ca. 1890-1954"
"646","Alexander_Texas_1900-1954"
"647","Moore_Alice"
"648","Smith_Pine Top_1904-1929"
"649","Crudup_Arthur_1905-1974"
"650","Piano Red_1911-1985"
"651","Hamilton_George_1937-2014"
"652","Ardoin_Amadé"
"653","Welling_Benjamin Franklin"
"654","McGhee_John Leftidge"
"655","Shirkey_Earl"
"656","Wikel_Miller"
"657","Coleman_Bernice"
"658","Kessinger_Clark"
"659","Harold_Richard"
"660","McGhee_John"
"661","Hutchison_Frank_1897-1945"
"662","Miller_David"
"663","Puckett_Riley_1894-1946"
"664","Davis_Karl_1905-1979"
"665","Parker_Byron_1911-1948"
"666","Jenkins_Snuffy_1908-1990"
"667","Sherrill_Pappy_1915-2001"
"668","Rhodes_Willard_1901-1992"
"669","Riley_Sinew L."
"670","Peaches_Clarence"
"671","Dazen_David"
"672","Haozous_Blossom"
"673","Haozous_Sam"
"674","Humes_James"
"675","Roanhorse_Ambrose_1904-1982"
"676","Natani_Grandpa"
"677","Natani_Grandma"
"678","David_Kayah"
"679","Pahe_Ethel"
"680","Nieto_Eleanor C."
"681","Draper_Teddy"
"682","Mitchell_George"
"683","Dele_Julia"
"684","Guzman_A."
"685","Cabrales_M."
"686","Silverio_C."
"687","Daniel_M."
"688","Burgos_Antonio_1943-"
"689","VIllalobos_Sara"
"690","Ibarra_Jesus"
"691","Cruz_C."
"692","Ramos_H."
"693","Cruz_J. de la"
"694","Gonzales_P."
"695","Perez_A."
"696","Pachitan_M."
"697","Sandis_M."
"698","Geron_S."
"699","Arias_A."
"700","Lopez_M."
"701","De La Torre_M."
"702","Pendleton_Fred"
"703","Caplinger_Warren"
"704","Evans_John B."
"705","Smith_Blaine"
"706","Smith_Cal"
"707","Addis_Bill"
"708","Hall_Ellis"
"709","Reed_Arville"
"710","Reed_Blind Alfred"
"711","Harvey_Roy"
"712","Dudgeon_Frank"
"713","Gardner_Robert"
"714","Arthur_Emry_1900-1966"
"715","Hawkins_Ezra"
"716","Carter_Janette"
"717","Casey_Claude"
"718","Bruck_Jerry"
"719","Basquin_Peter"
"720","Grenell_Horace_1909-1981"
"721","Farwell_Arthur_1872-1952."
"722","Huckaby_William"
"723","Parker_William"
"724","Orem_Preston Ware_1865-1938"
"725","Miner_John"
"726","Cadman_Charles Wakefield_1881-1946"
"727","Jones_Steve"
"728","Jones_Peter"
"729","Simon_Paul_1941-"
"730","Pyle_Dwanna"
"731","Callahan_Gene_1932-"
"732","Perron_Miller and Yeats (Musical group)"
"733","Cooper_Wilma Lee_1921-2011"
"734","Cooper_Stoney_1918-1977"
"735","Johnson_Wayne"
"736","Pegram_George_1911-1974"
"737","Jiménez_Flaco"
"738","Torres_Toby"
"739","Torres_Toby_Johnson_Lyndon B. (Lyndon Baines)_1908-1973"
"740","Fernandez_Rosita_1918-"
"741","Rodríguez_Tito_1923-1973"
"742","Tucker_George_1917-"
"743","Monroe_Bill_1911-1996_McKinley_William_1843-1901"
"744","Acuff_Roy"
"745","Monroe_Melissa"
"746","Callahan_Homer"
"747","Taylor_Jim"
"748","Rodgers_Jimmie_1897-1933."
"749","Burr_Henry"
"750","Hinton_Sam_1917-2009"
"751","Martin_Marcus_musician"
"752","Dinwiddie_Wayne"
"753","Lunsford_Bascom Lamar_1882-1973"
"754","Steele_Pete_1891-1985"
"755","Grover_Carrie B."
"756","Long_Maud"
"757","Denoon_Jim"
"758","Pike_Russ"
"759","Campbell_Booth"
"760","Crisp_Rufus"
"761","Ingenthron_Charles"
"762","Crisp_Palmer"
"763","Leslie_Sam"
"764","Devall_Dick"
"765","Bolick_Earl"
"766","Charles_Ray_1930-2004"
"767","John_Dr._1940-"
"768","Berry_Chuck"
"769","Muddy Waters_1915-1983"
"770","Little Walter_1930-1968"
"771","Duffey_John"
"772","Reed_Jimmy_1925-1976"
"773","Poole_Charlie_1892-1931"
"774","Mainer_Julia"
"775","Walsh_Dock"
"776","Foster_Garley"
"777","Boggs_Dock_1898-1971"
"778","Justice_Dick_1906-1962"
"779","Roberts_Fiddlin' Doc_1897-1978."
"780","Greene_Clarence"
"781","Wolfe_Charles K. (liner notes)"
"782","Harkreader_Sidney J."
"783","Freeman_David"
"784","Stephens_Uncle Bunt (John L.)_1879-1951"
"785","Moore_Grady"
"786","Hale_Theron"
"787","Bailey_DeFord"
"788","Jenkins_Frank_1888-1945"
"789","Phipps_Ernest"
"790","Johnson_Jess_musician"
"791","Norton_Henry"
"792","Harrell_Kelly_1889-1942"
"793","Karnes_Alfred G._1891-1958"
"794","Woodlieff_Norman"
"795","Rorer_Posey"
"796","Smith_Walter"
"797","Jarrell_Ben_1880-1946"
"798","Titon_Jeff Todd_1943-"
"799","Ball_E.C. (Estil Cortez)_1913-1978"
"800","Hayes_Napoleon"
"801","Dilleshaw_John"
"802","Davenport_Bob"
"803","Collins_Judy_1939-"
"804","Van Ronk_Dave"
"805","Redpath_Jean"
"806","Ward_Tab"
"807","Guy_Jack"
"808","Kincaid_Bradley"
"809","Nicholas_Arthur_1932-2001"
"810","Altizer_Maude"
"811","Schartiger_Holly"
"812","Cottrell_Noah"
"813","Davidson_Ken_1941-2016 (liner notes)"
"814","Carpenter_Saul"
"815","Cottrell_Jenes"
"816","Bogan_Ted_1910-1990"
"817","Vinson_Walter_1901-1975"
"818","Wheatstraw_Peetie_1902-1941"
"819","Arnold_Kokomo"
"820","McCoy_Ethel"
"821","McCoy_George"
"822","Rosenthal_Gene"
"823","Brown_Jimmie"
"824","Firk_Backwards Sam"
"825","Gellert_Lawrence_1898-1979"
"826","White_Bukka"
"827","Jefferson_Blind Lemon_1897-1929"
"828","Blind Blake"
"829","Eaglin_Snooks_1936-2009"
"830","Bridges_Lucius"
"831","Randolph_Percy"
"832","McTell_Blind Willie"
"833","Weston_Arthur"
"834","Roberson_George"
"835","Brown_Henry"
"836","Cauthen_Andrew"
"837","Johnson_Clarence"
"838","Montgomery_Little Brother_1906-1985"
"839","Carroll_Jeanne"
"840","Fuller_Blind Boy_1909-1941"
"841","Johnson_Robert_1911-1938"
"842","Franklin_C. L. (Clarence LaVaughn)_1915-1984"
"843","Blackwell_Scrapper_1903-1962"
"844","Long_Wesley"
"845","Hensley_Larry"
"846","Copeland_Leonard"
"847","Walker_Phillip_1937-2010"
"848","Charles_Roosevelt_1919-"
"849","Williamson_Sonny Boy_1899-1965"
"850","McLain_Tommy"
"851","West_Clint"
"852","Walker_Gary"
"853","Allan_Johnnie_1938-"
"854","Jagneaux_Rufus"
"855","Fernandez_Joseito"
"856","Whitter_Henry_1892-1941"
"857","Nevins_Richard (liner notes)"
"858","Henderson_Red"
"859","Booker_Jim"
"860","Underwood_Marion"
"861","Brewer_Kahle"
"862","Cranford_Miles & Thompson"
"863","Cranford_Bob"
"864","Miles_Paul_musician"
"865","Crockett_George_musician"
"866","Woltz_DaCosta"
"867","Austin_Lonnie_1905-1997"
"868","Burnett_Dick"
"869","Rutherford_Leonard"
"870","Shelton_B.F."
"871","Kiker_Bill"
"872","Lindsey_Bill"
"873","Stoneman_George_1882-1966"
"874","Roberts_Steve"
"875","Creed_Kyle"
"876","Peerce_Lonnie"
"877","Berline_Byron"
"878","Frisbie_David R._1944-"
"879","Widner_James W._1924-2016"
"880","Mitchell_Bill"
"881","Williams_Vivian"
"882","Wanzer_Loyd"
"883","Meredith_Bud"
"884","Gentle_J.C."
"885","Yohey_William R._1919-1991"
"886","Sneed_Fay"
"887","Wiles_Don"
"888","Helmes_Bill"
"889","Carson_Fiddlin' John_1868-1949"
"890","McCarroll_James"
"891","LaPrade_Charlie"
"892","Stokes_Lowe"
"893","Gilmer_Will"
"894","Mahaffey_Hub"
"895","Dykes_John"
"896","Lewis_Dempson and Dennison"
"897","Johnson_Earl_1886-1965"
"898","Colvin_Hiter"
"899","Patterson_Red"
"900","Bailey_Green"
"901","Foster_John"
"902","Holt_David"
"903","Bankston_Emmett"
"904","Henderson_Lee"
"905","Brady_Rafe"
"906","East_Ernest"
"907","Bowman_Charlie"
"908","Todd_Clarence_b. 1897"
"909","Bunn_Ollie"
"910","Mize_Seth"
"911","Stanley_Shag"
"912","Snow_Mac_1931-"
"913","Robertson_Eck_1887-1975"
"914","Carter_Buster"
"915","Young_Preston_1907-"
"916","Landress_Uncle Bud"
"917","Arwood_Little Joe"
"918","Williamson_George_1927-"
"919","Williamson_Mary_1932-"
"920","Norris_Land"
"921","Smith_R. B._banjo player"
"922","Allgood_S.J."
"923","Steeley_A.L."
"924","Graham_Walter"
"925","Hinton_W. A."
"926","Hendley_Fisher_d. 1964"
"927","Small_J._banjo player"
"928","Baker_J. W."
"929","Baker_J. W. Mrs."
"930","Reed_Orville"
"931","Smith_Odell"
"932","Hammond_John"
"933","Stigall_Alfred"
"934","Ward_Fields_1911-1987"
"935","Breaux_Cleoma_d. 1940"
"936","Breaux_Ophy"
"937","Brown_Herschel"
"938","Burnett_Richard"
"939","Everheart_Clay"
"940","Blevins_Frank_1911-2001"
"941","Brown_Ross_1909-"
"942","Eller_Vaughn"
"943","Haley_Ed_1883-1951"
"944","Ungar_Jay"
"945","Hardy_Lyn"
"946","Vanaver_Bill"
"947","Drapkin_Livia"
"948","Ringer_Jim"
"949","Holt_Will"
"950","Gill_Geula"
"951","Hall_Kenny_(Musician)"
"952","Leventhal_Harold"
"953","Guthrie_Arlo"
"954","Axton_Hoyt"
"955","Murlin_Bob"
"956","Near_Holly"
"957","Gilbert_Ronnie"
"958","Baez_Joan_Guthrie_Woody_1912-1967"
"959","Hays_Lee_1914-1981"
"960","Carlin_Bob"
"961","Schwarz_Tracy"
"962","Jabbour_Alan"
"963","Thompson_Tommy_1937-2003"
"964","Martin_Reed_(Banjoist)"
"965","Gerrard_Alice_1934-"
"966","Cahan_Andy"
"967","Sutphin_Kirk"
"968","Leftwich_Brad"
"969","Higginbotham_Linda"
"970","Flippen_Benton"
"971","Brown_Paul_1952-"
"972","MacBride_Larry"
"973","Shimberg_Joe and Kathy"
"974","Gellert_Dan"
"975","Ornstein_Lisa"
"976","Woodring_Woody"
"977","Stefanini_Rafe"
"978","Honig_Peter"
"979","Read_Sue"
"980","Hyman_Judy"
"981","Stearns_Ritchie"
"982","Niles_John Jacob_1892-1980"
"983","Seeger_Ruth Crawford_1901-1953"
"984","Van Arsdale_Sterl_1929-"
"985","Paton_Sandy"
"986","Lund_Lewis"
"987","Mandel_Ben"
"988","Huntington_Gale"
"989","Gilbert_Kay_musician"
"990","Tolman_Newton F."
"991","Cleveland_Sara_1905-1987"
"992","Older_Lawrence"
"993","Austin_Morris_Mrs."
"994","Tolman_Harvey_1938-"
"995","Tolman_Rose"
"996","Van Arsdale_Paul."
"997","Van Arsdale_Phil"
"998","Brown_James"
"999","Kirby_Edward"
"1000","Campbell_Maurice"
"1001","Moody_Mack"
"1002","Shaw_Rosalie"
"1003","Rogers_Grant_1907-1979"
"1004","Taylor_Kevin"
"1005","Logue_Seamus"
"1006","Cash_Johnny"
"1007","Pomeroy_Douglas"
"1008","Frizzell_Lefty_1928-1975"
"1009","Price_Ray_1926-2013"
"1010","Wells_Kitty"
"1011","Tubb_Ernest_1914-1984"
"1012","Cline_Patsy_1932-1963"
"1013","Atkins_Chet"
"1014","Robbins_Marty"
"1015","Lynn_Loretta"
"1016","Owens_Buck_1929-2006"
"1017","Miller_Roger_1936-1992"
"1018","Haggard_Merle"
"1019","Kristofferson_Kris"
"1020","Parton_Dolly"
"1021","Cohen_Norm_1936-"
"1022","Roark_Oda"
"1023","Roark_Robert"
"1024","Sparrow_John"
"1025","McKinnie_Tip"
"1026","Lam_Bela"
"1027","Carter_Andrew"
"1028","Carter_George"
"1029","Carter_Jimmy_1924-"
"1030","Frost_Irma"
"1031","Smith_Von Bulow_b. 1908"
"1032","Presson_Nunnie_1897-1977"
"1033","Callahan_Walter"
"1034","Foster_Gwen_musician"
"1035","Abernathy_Will"
"1036","Allen_Austin"
"1037","Allen_Lee"
"1038","Brown_Durwood"
"1039","Brown_Milton"
"1040","Ledford_Rosie"
"1041","Koehler_Violet"
"1042","Ledford_Steve"
"1043","Robinson_Leighton"
"1044","Wolfe_Charles K."
"1045","Estes_Red Buck"
"1046","Riddle_Jimmy"
"1047","Clear_Lindy"
"1048","Rice_Ben"
"1049","Everidge_Charlie_1894-1969"
"1050","Morris_Neil_folk singer"
"1051","Denoon_Ray"
"1052","Marlor_I.N."
"1053","Hamilton_Goldie"
"1054","Sutterfield_Barry"
"1055","Barr_Alex_1910-1976"
"1056","Brodeur_Arthur Gilchrist_1888-"
"1057","Caldwell_Lola"
"1058","Caldwell_Walter"
"1059","Delmore_Alton"
"1060","Delmore_Rabon_1916-1952"
"1061","Ritchie_Isom"
"1062","Wilson_Mark"
"1063","Pickard_Obed"
"1064","Stamper_I.D."
"1065","Judd_Mrs."
"1066","Judd_Vernon"
"1067","Begley_Justis"
"1068","Hughes_Lena"
"1069","McAbee_Palmer."
"1070","Strong_Luther"
"1071","Greene_Alva"
"1072","Gillum_Francis"
"1073","Walter_Draper"
"1074","Burckhart_Jacob"
"1075","Sisson_Allen"
"1076","McGee_Dennis"
"1077","Frugé_Ernest"
"1078","Propps_Louis H."
"1079","Cohn_Lawrence_1932-"
"1080","Jones_Coley"
"1081","Harris_Sam"
"1082","Davenport_Cow Cow_1894-1955"
"1083","Johnson_Bunk_1879-1949"
"1084","Cuffee_Ed_1902-1959"
"1085","Bushell_Garvin_1902-1991"
"1086","Davis_Art"
"1087","Kirkes_Walter"
"1088","Poplin_China_1903-1979"
"1089","Travis_Merle"
"1090","Smith_Bertha"
"1091","Heilbut_Anthony"
"1092","Strong_Eugene"
"1093","Bridges_Charlie"
"1094","Steele_Silas S."
"1095","Harris_R.H."
"1096","Crain_S.R."
"1097","Thomas_Edward"
"1098","McCrary_Samuel H._1913-1991"
"1099","Smith_Eugene"
"1100","McKissick_Norsalus"
"1101","Nubin_Katie Bell"
"1102","Tharpe_Rosetta_1915-1973"
"1103","Price_Sammy"
"1104","Cooper_Gwendolyn"
"1105","Smith_Willie Mae Ford"
"1106","Williams_Marion_1927-1994"
"1107","Shea_George Beverly_1909-2013"
"1108","Sankey_I. Allan (Ira Allan)_1874-1915"
"1109","Graham_Billy_1918-2018"
"1110","Asher_William_Mrs."
"1111","Rodeheaver_Homer A. (Homer Alvan)_1880-1955"
"1112","Seagle_Oscar"
"1113","Smith_Gipsy_1860-1947"
"1114","Freeman_Isaac_(Singer)"
"1115","Puluse_Don"
"1116","Raeburn_Andrew"
"1117","Skrobacs_Lawrence"
"1118","Bruce_Neely"
"1119","Murcell_Raymond"
"1120","Taylor_Rose"
"1121","Pierce_Jacqueline_mezzo-soprano"
"1122","Rayam_Curtis"
"1123","Battle_Kathleen"
"1124","Stewart_Maeretha"
"1125","Crook_Howard"
"1126","Golden_Jack_1874-1955"
"1127","Shapiro_Nat"
"1128","Stettner_Frank"
"1129","Brice_Fanny"
"1130","Shean_Al_1868-1949"
"1131","Gallagher_Ed"
"1132","Whiteman_Paul_1890-1967"
"1133","Lawrence_Gertrude"
"1134","Robinson_Bill_1878-1949"
"1135","Redman_Don"
"1136","Etting_Ruth_1907-1978"
"1137","Holman_Libby"
"1138","Richman_Harry_1895-1972"
"1139","Astaire_Adele"
"1140","Astaire_Fred"
"1141","Reisman_Leo_1897-1961."
"1142","Lillie_Beatrice_1894-1989"
"1143","Kaye_Danny"
"1144","Logan_Ella_1913-1969"
"1145","Miranda_Carmen_1909-1955"
"1146","Bonney_Betty"
"1147","Brooks_Michael"
"1148","Forrest_Helen"
"1149","Stuart_Herbert"
"1150","Harvey_Morton"
"1151","Murray_Billy"
"1152","Young_John"
"1153","Bayes_Nora_1880-1928"
"1154","Jolson_Al_1886-1950"
"1155","Hart_Charles"
"1156","Mathieu_Carl"
"1157","Jones_Spike_1911-1965."
"1158","Brown_Les_1912-"
"1159","Robertson_Dick_1903-1979"
"1160","Long_Johnny"
"1161","Dugan_Patti"
"1162","Kyser_Kay"
"1163","Baker_Bill"
"1164","Waller_Charlie"
"1165","Waldron_Cliff"
"1166","Harris_Frank"
"1167","Scheele_Carl H."
"1168","Morris_Elida"
"1169","Ash_Samuel"
"1170","Macdonough_Harry_1871-1931"
"1171","Halley_Will"
"1172","Ring_Blanche"
"1173","Jones_Isham_1894-1956"
"1174","Seeley_Blossom_1891-1974."
"1175","James_Lewis"
"1176","Lanin_Howard"
"1177","Kaufman_Irving_1890-1976"
"1178","Dalhart_Vernon_1883-1948"
"1179","Baker_Belle"
"1180","Pearson_N.W."
"1181","Smith_Joyce"
"1182","O'Neal_Waldo"
"1183","Sonnier_Lennis"
"1184","Darbone_Luderin_1913-2008"
"1185","Autry_Gene_1907-1998"
"1186","Montana_Patsy"
"1187","Choates_Harry_1922-1951"
"1188","Daffan_Ted"
"1189","Duncan_Tommy"
"1190","Rea_David"
"1191","Muldaur_Maria"
"1192","Riddle_Lesley"
"1193","Snow_Kilby_1905-1980"
"1194","Kennedy_John F. (John Fitzgerald)_1917-1963"
"1195","Ochs_Phil"
"1196","Seeger_Barbara"
"1197","Paxton_Tom_1937-"
"1198","Phillips_Utah"
"1199","Odetta_1930-2008"
"1200","Reece_Florence_1900-1986"
"1201","Rachell_Yank"
"1202","Sainte-Marie_Buffy"
"1203","Feliciano_José"
"1204","Fuller_Jesse"
"1205","El Din_Hamza"
"1206","Koerner_Ray_and Glover (Musical group)"
"1207","Larisch_Kathy"
"1208","Rinzler_Kate_1937-2010 (liner notes)"
"1209","Dillingham_J.D."
"1210","Atwood_Kenneth"
"1211","Nye_Pearl R._1872-1950"
"1212","Guidry_Sabry"
"1213","Dunford_Uncle Eck_1878-1953"
"1214","Scruggs_Thelma"
"1215","Beatrice"
"1216","Iren"
"1217","Young_Ed_1910-1972"
"1218","Pitchford_Lonnie"
"1219","Gonzales_Covita"
"1220","Kingbird_James"
"1221","Kingbird_Albert"
"1222","Kingbird_Vernon"
"1223","González_Alicia María"
"1224","Wilson_A. P._Mrs."
"1225","Clark_Angie"
"1226","Miller_Susie"
"1227","Hampton_Nell"
"1228","Dixon_Samuel Clay"
"1229","Powell_Lester"
"1230","Ancelet_Barry Jean"
"1231","Shelton_Robert_1926-2010"
"1232","Dixon_Dorsey_1897-1968"
"1233","Puebla_Carlos_1917-1989"
"1234","Diez_Barbarito_1909-1995"
"1235","Porter_Burt"
"1236","Szymyczyk_Bill"
"1237","Wolf_Peter_1946-"
"1238","Musselwhite_Charlie"
"1239","Read_Wallace_1924-1981"
"1240","LeJeune_Lurlin"
"1241","Molitor_Milton"
"1242","Helaire_Nonc"
"1243","James_Elmore_1918-1963"
"1244","Traum_Happy"
"1245","Alger_Pat"
"1246","Traum_Artie"
"1247","Salley_Roy"
"1248","Mitchum_Johnny"
"1249","Davis_Eva"
"1250","Bumgarner_Samantha_1880-1960"
"1251","Stanley_Roba_1910-1986"
"1252","Maxwell_Billie"
"1253","Moonshine Kate_1909-1992"
"1254","Wills_Johnnie Lee"
"1255","Lunn_Robert"
"1256","Forrester_Howdy_1922-1987"
"1257","Williams_Hank_1923-1953"
"1258","Tyler_Clayton_1909-1986"
"1259","Fox_Curly"
"1260","Collins_Charlie"
"1261","Blake_Norman_1938-"
"1262","Price_Bill"
"1263","Busby_Buzz"
"1264","Harrell_Bill"
"1265","Grayson_Shannon"
"1266","Wright_Phebel_1916-2003"
"1267","Neaves_Glen"
"1268","Pack_Buster and the Lonesome Pine Boys"
"1269","Parker_Curley"
"1270","Lambert_Pee Wee"
"1271","Surratt_Cecil"
"1272","Cline_Curly Ray"
"1273","Whitley_Keith"
"1274","Taylor_Earl_1929-1984"
"1275","McCall_Jim"
"1276","Lawson_Doyle"
"1277","Crowe_J.D."
"1278","Rice_Larry_singer"
"1279","Parker_Bill"
"1280","Fraley_J. P."
"1281","Brock_Dan"
"1282","Brock_Louise"
"1283","Parker_Mary Nell"
"1284","Fraley_Annadeene"
"1285","Lissman_Pete"
"1286","Yarbrough_Rual"
"1287","Green_Archie (liner notes)"
"1288","McClintock_Harry K. (Harry Kirby)_1882-1957."
"1289","Davis_Jimmie_1899-2000"
"1290","Robison_Carson"
"1291","Kahn_Ed_1938-2002"
"1292","Patterson_Ray"
"1293","Patterson_Ina"
"1294","Hicks_Bobby"
"1295","Harris_Emmylou"
"1296","Mandrell_Barbara"
"1297","Jennings_Waylon"
"1298","Tillis_Mel"
"1299","White_Clarence_1944-1973"
"1300","Moore_Tiny"
"1301","Warren_Paul"
"1302","McLean_Will_1919-1990"
"1303","Makem_Tommy"
"1304","O'Hara_Mary_1935-"
"1305","Baker_Etta_1913-2006"
"1306","McCurdy_Ed_1919-2000"
"1307","Hammond_David_singer"
"1308","Oster_Harry"
"1309","Arceneaux_Fernest"
"1310","LeJeune_Iry_1928-1955"
"1311","Thibodeaux_Ambrose"
"1312","Bonsall_Joe"
"1313","Crochet_Cleveland"
"1314","Fontenot_George"
"1315","Fontenot_Harry"
"1316","Sacks_Howard L."
"1317","Lloyd_Timothy_1951-"
"1318","Vigil_Cleofes"
"1319","Pennington_Stan"
"1320","Holyoak_Van"
"1321","Pettyjohn_Bunk_b. 1902"
"1322","Kizzar_Tim"
"1323","Rogers_Ralph"
"1324","Goodman_Don"
"1325","Shaw_Robert_1908 August 9-1985"
"1326","Somerville_Andrew"
"1327","Murphy_Otho"
"1328","Carmack_Effie Marquess_1885-1974"
"1329","Kartchner_Kenner Casteel_1886-1970"
"1330","Boyle_Margaret"
"1331","Watkins_Joseph H."
"1332","Crandall_Myron R."
"1333","Jones_Lewis"
"1334","Busby_John"
"1335","Busby_Abraham"
"1336","Thompson_George"
"1337","Seegmiller_Ella J."
"1338","Jepson_James"
"1339","Taggart_George"
"1340","Lee_Buck"
"1341","Fahey_John_1939-2001"
"1342","Brewer_Jim"
"1343","Polak_Wladyslaw"
"1344","Maddux_Pewee"
"1345","Harter_George"
"1346","Duke of Iron"
"1347","Smith_Versey"
"1348","Smith_William"
"1349","Houdini_Wilmoth_1895-1973"
"1350","Syrjaniemi_Antti"
"1351","Ford_Oscar"
"1352","Salomma_Hiski"
"1353","Jenkins_Hezekiah"
"1354","Edwards_Honeyboy"
"1355","Blackwell_Willie (61)"
"1356","Lambert_L.W."
"1357","Cassadore_Philp"
"1358","Nowlin_Bill_1945-"
"1359","Oliver_Henry Herman_b. 1909"
"1360","Parker_Paul"
"1361","Jackson_O. B."
"1362","Jackson_Dewey_1900-1972"
"1363","McCamb_Dan and His 3-Legged Dog Percy"
"1364","Brown_Paula"
"1365","Lee_Floyd"
"1366","Parsons_Henry"
"1367","Lum_Ray_1891-1976."
"1368","Geraty_Virginia Mixson"
"1369","Stoddard_Albert Henry_1872-1954"
"1370","Lee_Hector_1908-1992"
"1371","Herdman_Curly_1918-1968"
"1372","Workman_Nimrod"
"1373","Boyens_Phyllis"
"1374","Washboard Sam_1910-1966"
"1375","Souchon_Edmond"
"1376","Pierce_De De_1904-1973"
"1377","Lucas_Lazy Bill_1918-1982"
"1378","Pierce_Billie_1907-1974"
"1379","Randolph_Brother"
"1380","Dodds_Johnny_1892-1940"
"1381","Dutrey_Honore_1894-1935"
"1382","Johnson_Bill"
"1383","Armstrong_Lil Hardin_1898-1971"
"1384","Alexander_Charlie_ca. 1904-ca. 1970"
"1385","McDonald_Earl"
"1386","Domino_Fats_1928-2017"
"1387","Perls_Nick_1942-1987"
"1388","McMullen_Fred"
"1389","Howell_Peg Leg_1888-1966"
"1390","Baker_Willie"
"1391","Lincoln_Charley"
"1392","Weaver_Sylvester"
"1393","Bumble Bee Slim"
"1394","Sahm_Doug"
"1395","Holly_Buddy_1936-1959"
"1396","Nelson_Paul"
"1397","Koerner_John"
"1398","Glover_Tony"
"1399","Reed_Ola Belle_1916-2002"
"1400","Melton_Raymond"
"1401","Lundy_Ted"
"1402","Hickerson_Joseph Charles_1935-"
"1403","Lieberman_Ernie_1930-"
"1404","Hawes_Bess Lomax_1921-2009"
"1405","Hawes_Butch_1919-1971"
"1406","Carey_Bob"
"1407","Darling_Erik"
"1408","Sprung_Roger"
"1409","Brookshire_Joyce"
"1410","Kahn_Si"
"1411","Carawan_Guy (liner notes)"
"1412","Monterde_Francisco_1894-1985"
"1413","Hinson_Glenn (liner notes)"
"1414","Ibbotson_Jimmy"
"1415","McEuen_John_1945-"
"1416","Clements_Vassar"
"1417","Fadden_Jimmie"
"1418","Huskey_Junior"
"1419","Thompson_Les"
"1420","Scruggs_Randy"
"1421","Hanna_Jeff"
"1422","McEuen_William"
"1423","Otsuka_Akira"
"1424","McGhee_Brownie_1915-1996"
"1425","Hammond_John _1942-"
"1426","Inman_John"
"1427","Houston_Dave"
"1428","Red River Dave_1914-2002"
"1429","Moeller_Dee"
"1430","Bonner_Juke Boy_1932-1978"
"1431","Earle_Steve"
"1432","Cisneros_Carol"
"1433","Thornton_T. Gozney"
"1434","Stein_Rick"
"1435","Damron_Allen Wayne"
"1436","Van Zandt_Townes"
"1437","Bridger_Bobby"
"1438","Fromholz_Steven"
"1439","Holland_Travis"
"1440","Hester_Carolyn"
"1441","Hearne_Bill"
"1442","Sanders_Don R._1930-"
"1443","Hearne_Bonnie"
"1444","Threadgill_Kenneth"
"1445","Waldo_Terry."
"1446","Hubbard_Ray Wylie"
"1447","Meyers_Augie"
"1448","Schilling_Jean"
"1449","Feintuch_Burt_1949-"
"1450","Paisley_Bob_guitarist"
"1451","MacArthur_Margaret_1928-2006"
"1452","Beaudoin_Louis"
"1453","Thomasson_Benny_1909-1984"
"1454","Riley_Bartown"
"1455","Solomon_Vincent"
"1456","Pancerzewski_Joe._1905-1991"
"1457","Courville_Sady"
"1458","Robin_Moise"
"1459","Fruge_Columbus"
"1460","Breaux_Amadee"
"1461","LaFleur_Mayuse"
"1462","Breaux_Clifford"
"1463","Werner_Joe"
"1464","Lachney_Delma_1896-1947"
"1465","Gaspard_Blind Uncle_1880-1937"
"1466","LeJeune_Angela"
"1467","Favor_Dudley"
"1468","Favor_James"
"1469","Coquille_Walter"
"1470","Doucet_Michael"
"1471","Spitzer_Nicholas R."
"1472","Catalon_Inez"
"1473","Ceaser_Durel"
"1474","Ardoin_Morris"
"1475","Onezine_Mike"
"1476","Sampy_Hiram"
"1477","Latour_Wilfred"
"1478","Hebert_Didier"
"1479","Spottswood_Richard K. (Richard Keith) (liner notes)"
"1480","Platt_Moses"
"1481","Mendoza_Lydia"
"1482","Jones_Jab"
"1483","Strothers_Jimmie"
"1484","White_J.C."
"1485","Doyle_Little Buddy"
"1486","Shade_Will_1898-1966"
"1487","Segura_Dewey"
"1488","Thenstead_Adolph"
"1489","Manning_Sally"
"1490","Ray_Lost John"
"1491","Miles_J. Paul"
"1492","Hofner_Adolph"
"1493","Johnson_Edwin W._1905-1984"
"1494","Sapps_Booker T."
"1495","Flowers_Willy"
"1496","Matthews_Roger"
"1497","Graham_J. W."
"1498","Amoaku_W. K. (William Komla)_1940-"
"1499","Enis_Marvin_1956-"
"1500","Enis_Mike_1936-"
"1501","Miles_Vernon"
"1502","Miles_Wade"
"1503","Diller_Dwight"
"1504","Hammons_Burl_1908-1993"
"1505","Parker_Maggie Hammons_1899-1987"
"1506","Hammons_Sherman_1903-1988"
"1507","Parks_Oscar"
"1508","Bryant_T.M._Mrs."
"1509","Gevedon_Monroe"
"1510","Singleton_Kitty Ritchie"
"1511","McCord_May Kennedy"
"1512","Farmer_Mary Franklin"
"1513","McDowell_L.L._Mrs."
"1514","Womble_Ollie"
"1515","Sullivan_Mary"
"1516","Jackson_Aunt Molly"
"1517","Dusenbury_Emma_1862-1941"
"1518","Watkins_C.L."
"1519","Harmon_Samuel"
"1520","Hawks_Rayar"
"1521","Barker_Horton_1889-1973"
"1522","Martin_W.L._Mrs."
"1523","Griffin_G.A._Mrs."
"1524","Ford_Warde H._1906-1979"
"1525","Styes_Archie"
"1526","Wilson_Slim"
"1527","Beeker_H.J."
"1528","Davis_Cora"
"1529","Davis_Mary"
"1530","Carr_Bill"
"1531","Robinson_Sunshine"
"1532","Tarwater_Rebecca"
"1533","Borusky_Pearl Jacobs"
"1534","Walters_Clay"
"1535","Small_Dol"
"1536","Morris_Jimmy"
"1537","Jacobs_Ollie"
"1538","Skeens_Lee_Mrs._Child_Francis James_1825-1896"
"1539","Lathrop_Carl"
"1540","McBride_Bill_1864-1952"
"1541","Kirkpatrick_Jim"
"1542","Norman_John"
"1543","Schaffer_Gus"
"1544","Halpert_Herbert"
"1545","Botkin_Benjamin Albert_1901-1975"
"1546","Gladden_Texas_1895-1966"
"1547","Turbyfill_Lena Bare"
"1548","Greer_I. G. (Isaac Garfield)_1881-1967"
"1549","Greer_I.G._Mrs."
"1550","Suarez_Jose"
"1551","Barnicle_Mary Elizabeth_1891-1978"
"1552","Lundy_David"
"1553","Pryor_David"
"1554","Lundy_Henry"
"1555","Austin_Elizabeth"
"1556","Hofpauir_Julien"
"1557","Hofpauir_Elida"
"1558","Perry_Wayne"
"1559","Segura_Joe (Joseph M)"
"1560","Carrier_Ogdel"
"1561","Miranda_Franquilino"
"1562","Archuleta_Ricardo"
"1563","Gonzales_Aurora"
"1564","Gonzales_Josephine"
"1565","Menchaco_Pearl"
"1566","Emrich_Duncan_1908-1977"
"1567","Lomax_John A. (John Avery)_1867-1948"
"1568","King_Henry"
"1569","Morris_William T."
"1570","McArthur_Rudger"
"1571","Denoon_Johnny"
"1572","Randolph_Vance_1892-1980"
"1573","Sutton_Lannis F."
"1574","Carlisle_Irene"
"1575","Galt_Nellie"
"1576","Gordon_Robert Winslow"
"1577","Dillon_John W."
"1578","Bird_William Ernest"
"1579","Sutton_Julius"
"1580","Holly_A.B."
"1581","Givens_W.M. (Billy)"
"1582","Shaw_Bessie"
"1583","Purdy_J.D."
"1584","Mann_Mary C."
"1585","Spencer_J.A.S."
"1586","Wilkins_A."
"1587","Harney_Ben"
"1588","Winger_Betty Bush"
"1589","Abbot_Francis H. (Francis Harris)_1877-1933"
"1590","Mabeary_Mary"
"1591","Buford_Jimmie"
"1592","Boyce_R.L."
"1593","Hemphill_Sid_1876-1963"
"1594","Jones_Compton"
"1595","Askew_Alec"
"1596","Smith_Lucius_1889-1980"
"1597","Burnette_Ranie"
"1598","Turner_Othar"
"1599","Turner_Ada"
"1600","Turner_Aleneda"
"1601","Turner_Nettie Mae"
"1602","Tanner_Arthur"
"1603","Johnson_Jennie"
"1604","Tanner_Gordon_1916-1982"
"1605","Speckled Red_1892-1973"
"1606","Harton_Curtis"
"1607","Jenkins_Gordon"
"1608","Xavier_Juanita"
"1609","Hovington_Frank"
"1610","Pizio_Josef"
"1611","Papariello_Antonio"
"1612","Lentine_Michiele"
"1613","Iona_Andy"
"1614","Turner_Charlie"
"1615","Hayes_Clifford"
"1616","Davis_Genevieve_1889-1950"
"1617","Lewis_Sammie"
"1618","Beasley_Walter"
"1619","Bowles_Sam (Musician)"
"1620","Davidenko_Joseph"
"1621","Ossman_Vess L._1868-1923"
"1622","Sarkisian_Reuben"
"1623","Johnson_James P. (James Price)_1894-1955"
"1624","Taylor_Montana_1903-1954"
"1625","Cleveland_Big Boy"
"1626","Eva_Betty"
"1627","Ball_Lenville"
"1628","Ely_Claude"
"1629","Coleman_Austin"
"1630","Brown_Joe Washington"
"1631","McGee_F. W. (Ford Washington)_1890-1971"
"1632","Meisels_Yeshaya_b. 1869"
"1633","Jones_Otis"
"1634","Dranes_Arizona"
"1635","Beck_Elder"
"1636","Forehand_Mamie"
"1637","Murphy_Jimmy"
"1638","Coleman_Dutch"
"1639","Feis_Pasquale"
"1640","Selam_Leroy"
"1641","Wilson_Roma"
"1642","Josephs_Noel"
"1643","Wyskowski_Jan"
"1644","Savoy_Marc"
"1645","Bachleda_Stanislav"
"1646","McNiff-Locke_Margaret"
"1647","Killoran_Patrick"
"1648","Sweeney_Patrick"
"1649","Baxter_L.P."
"1650","McCain_Jerry_1930-2012"
"1651","Zukowsky_Ewgen"
"1652","McCarn_Dave_1905-1964"
"1653","Brown_Gabriel"
"1654","Cage_Butch"
"1655","Thomas_Willie"
"1656","Lenoir_J. B._1926-1967"
"1657","Tucker_Bessie"
"1658","Roland_Walter"
"1659","Growling Tiger (Calypso singer)_1915-1993"
"1660","Humeniuk_Pawlo."
"1661","Johnson_Easy Papa"
"1662","Sykes_Roosevelt"
"1663","Ray_Aulton"
"1664","Wiejski_Grajek"
"1665","Kallini_Jozef"
"1666","Smith_Clara"
"1667","Walsh_Joseph"
"1668","Dolan_Jimmy"
"1669","Trent_Carl"
"1670","Ellis_Wilbert_1914-1977"
"1671","Thompson_Rose"
"1672","Baxter_Jim_musician"
"1673","Baxter_Andrew"
"1674","Reinhart_Dick"
"1675","O'Dell_Doye"
"1676","Magnusson_Otto"
"1677","Baboyan_Reuben"
"1678","Perdicopoulos_D."
"1679","Quevedo_Raymond_1892-1962"
"1680","Conder_Alvin"
"1681","Lindsey_W.A."
"1682","Boone_Claude"
"1683","RudziAnski_Bruno"
"1684","Gardner_Gail I._1892-1988"
"1685","Dereskeviciene_Juze_Mrs."
"1686","Jackson_Papa Charlie_ca. 1885-1938"
"1687","Byrd_John_1908-"
"1688","Manning_Leola"
"1689","Maya_Jesus"
"1690","Cantú_Timoteo"
"1691","Richards_Dora"
"1692","Bundy_Winifred"
"1693","Coffee_Lester A."
"1694","Morgan_William J."
"1695","Rindlisbacher_Iva Kundert_1899-1981"
"1696","Rindlisbacher_Otto_1895-1975"
"1697","De Noyer_Emery"
"1698","Moseley_Arthur"
"1699","Bowlen_Charles"
"1700","Brown_Noble B."
"1701","Jordan_Lon"
"1702","Bonner_Patrick"
"1703","Cruise_Michael"
"1704","Scott_Ben_Mrs."
"1705","Wilkinson_Myrtle B."
"1706","Weeks_L.O."
"1707","Barton_Elmer"
"1708","Stepp_W.M."
"1709","Rector_John"
"1710","Tucker_Stephen B."
"1711","Hatcher_John"
"1712","Quinn_John J."
"1713","Byrne_Jerry"
"1714","Muldowney_James"
"1715","Walsh_Daniel"
"1716","Rada_Andrew"
"1717","Morgan_Albert"
"1718","Jones_Morgan"
"1719","Lomax_Ruby T. (Ruby Terrill)"
"1720","Spivacke_Harold_1904-1977"
"1721","Lee_Joe"
"1722","Sturdivant_Bozie"
"1723","Reed_Dock"
"1724","Griffin_Sin-Killer"
"1725","Brown_Aaron"
"1726","Green_Joe"
"1727","Pace_Kelly_1913-1958"
"1728","Johnson_Turner Junior"
"1729","Silent Grove Baptist Church (Clarksdale_Miss.)"
"1730","Church of God in Christ (Lula_Ms.)"
"1731","Brown_William"
"1732","Smoke_Herbert"
"1733","Hunt_J. M"
"1734","Ball_Orna_1907-2000"
"1735","Willinghan_Thadeus C."
"1736","Claunch_Earnest_1893-1958"
"1737","Swann_Wallace"
"1738","Parham_Chub"
"1739","Reed_Henry"
"1740","Williams_Willie_(Singer)"
"1741","Sims_Charlie"
"1742","Dennis_Wash"
"1743","Williams_Ernest"
"1744","Hill_Clyde"
"1745","Webb_Jeff"
"1746","Jordan_Frank"
"1747","Prothero_Allen"
"1748","Baker_James"
"1749","Bell_Arthur"
"1750","Porter_Charlie"
"1751","Truvillion_Henry"
"1752","Hazel_Sam"
"1753","Shores_Joe"
"1754","Marshall_Thomas J."
"1755","Brooks_Samuel"
"1756","Baker_Mose ""Clear Rock"""
"1757","Crosby_Will"
"1758","Bradley_Jesse"
"1759","Hubbard_Willie_1931-"
"1760","Clem_Harman"
"1761","Mann_Thomas"
"1762","Canoy_Lola"
"1763","Canoy_Tim"
"1764","Meyers_Jim F."
"1765","Cole_Calvin"
"1766","Tate_Dan_1896-"
"1767","Coffey_O.L."
"1768","Dalton_Frank"
"1769","Kelly_James"
"1770","Carroll_Tom"
"1771","Reedy_Blair"
"1772","Peters_Homer"
"1773","Harper_Oscar"
"1774","Ruffner_Alva"
"1775","Buckner_Elic"
"1776","Fowler_J.C."
"1777","Boone_Eva Grace"
"1778","Williams_Anne"
"1779","Hornsby_R.M."
"1780","Jackson_George Pullen_1874-1953"
"1781","Nail_Euna Vee Denson"
"1782","Owen_Uncle Dock"
"1783","Denson_Paine_1885-1955"
"1784","Wells_Lee"
"1785","Odem_Lonnie P."
"1786","Posey_Delilah Denson"
"1787","Moncrief_Maud"
"1788","Mann_M.L."
"1789","Dye_John M."
"1790","Tipton_Ernestine"
"1791","Cagle_A. Marcus"
"1792","Denson_Howard"
"1793","Maitland_Richard"
"1794","Harris_Joe"
"1795","Hankins_Harry"
"1796","Stubblefield_Blaine"
"1797","Harmon_Austin"
"1798","Wyatt_Clarence H."
"1799","White_Mr."
"1800","Wise_Russell"
"1801","Kilgore_Esco"
"1802","Wright_Will"
"1803","Lovell_Merle"
"1804","Holbert_Jim"
"1805","West_Kid"
"1806","Lay_George"
"1807","Martin_E.M."
"1808","Johns_Pearline"
"1809","Appleton_Clyde"
"1810","Byrd_Charlie_1925-1999"
"1811","Crank_Tommy"
"1812","Andersen_Eric"
"1813","Jones_Bob_1937-"
"1814","Greer_Jim"
"1815","Martin_Lou"
"1816","Wagner_Bodie"
"1817","Winch_Jesse"
"1818","Sky_Patrick"
